[{"model": "auth.permission", "pk": 1, "fields": {"name": "Can add log entry", "content_type": 1, "codename": "add_logentry"}}, {"model": "auth.permission", "pk": 2, "fields": {"name": "Can change log entry", "content_type": 1, "codename": "change_logentry"}}, {"model": "auth.permission", "pk": 3, "fields": {"name": "Can delete log entry", "content_type": 1, "codename": "delete_logentry"}}, {"model": "auth.permission", "pk": 4, "fields": {"name": "Can view log entry", "content_type": 1, "codename": "view_logentry"}}, {"model": "auth.permission", "pk": 5, "fields": {"name": "Can add permission", "content_type": 2, "codename": "add_permission"}}, {"model": "auth.permission", "pk": 6, "fields": {"name": "Can change permission", "content_type": 2, "codename": "change_permission"}}, {"model": "auth.permission", "pk": 7, "fields": {"name": "Can delete permission", "content_type": 2, "codename": "delete_permission"}}, {"model": "auth.permission", "pk": 8, "fields": {"name": "Can view permission", "content_type": 2, "codename": "view_permission"}}, {"model": "auth.permission", "pk": 9, "fields": {"name": "Can add group", "content_type": 3, "codename": "add_group"}}, {"model": "auth.permission", "pk": 10, "fields": {"name": "Can change group", "content_type": 3, "codename": "change_group"}}, {"model": "auth.permission", "pk": 11, "fields": {"name": "Can delete group", "content_type": 3, "codename": "delete_group"}}, {"model": "auth.permission", "pk": 12, "fields": {"name": "Can view group", "content_type": 3, "codename": "view_group"}}, {"model": "auth.permission", "pk": 13, "fields": {"name": "Can add user", "content_type": 4, "codename": "add_user"}}, {"model": "auth.permission", "pk": 14, "fields": {"name": "Can change user", "content_type": 4, "codename": "change_user"}}, {"model": "auth.permission", "pk": 15, "fields": {"name": "Can delete user", "content_type": 4, "codename": "delete_user"}}, {"model": "auth.permission", "pk": 16, "fields": {"name": "Can view user", "content_type": 4, "codename": "view_user"}}, {"model": "auth.permission", "pk": 17, "fields": {"name": "Can add content type", "content_type": 5, "codename": "add_contenttype"}}, {"model": "auth.permission", "pk": 18, "fields": {"name": "Can change content type", "content_type": 5, "codename": "change_contenttype"}}, {"model": "auth.permission", "pk": 19, "fields": {"name": "Can delete content type", "content_type": 5, "codename": "delete_contenttype"}}, {"model": "auth.permission", "pk": 20, "fields": {"name": "Can view content type", "content_type": 5, "codename": "view_contenttype"}}, {"model": "auth.permission", "pk": 21, "fields": {"name": "Can add session", "content_type": 6, "codename": "add_session"}}, {"model": "auth.permission", "pk": 22, "fields": {"name": "Can change session", "content_type": 6, "codename": "change_session"}}, {"model": "auth.permission", "pk": 23, "fields": {"name": "Can delete session", "content_type": 6, "codename": "delete_session"}}, {"model": "auth.permission", "pk": 24, "fields": {"name": "Can view session", "content_type": 6, "codename": "view_session"}}, {"model": "auth.permission", "pk": 25, "fields": {"name": "Can add product", "content_type": 7, "codename": "add_product"}}, {"model": "auth.permission", "pk": 26, "fields": {"name": "Can change product", "content_type": 7, "codename": "change_product"}}, {"model": "auth.permission", "pk": 27, "fields": {"name": "Can delete product", "content_type": 7, "codename": "delete_product"}}, {"model": "auth.permission", "pk": 28, "fields": {"name": "Can view product", "content_type": 7, "codename": "view_product"}}, {"model": "auth.permission", "pk": 29, "fields": {"name": "Can add payment type", "content_type": 8, "codename": "add_paymenttype"}}, {"model": "auth.permission", "pk": 30, "fields": {"name": "Can change payment type", "content_type": 8, "codename": "change_paymenttype"}}, {"model": "auth.permission", "pk": 31, "fields": {"name": "Can delete payment type", "content_type": 8, "codename": "delete_paymenttype"}}, {"model": "auth.permission", "pk": 32, "fields": {"name": "Can view payment type", "content_type": 8, "codename": "view_paymenttype"}}, {"model": "auth.permission", "pk": 33, "fields": {"name": "Can add guest", "content_type": 9, "codename": "add_guest"}}, {"model": "auth.permission", "pk": 34, "fields": {"name": "Can change guest", "content_type": 9, "codename": "change_guest"}}, {"model": "auth.permission", "pk": 35, "fields": {"name": "Can delete guest", "content_type": 9, "codename": "delete_guest"}}, {"model": "auth.permission", "pk": 36, "fields": {"name": "Can view guest", "content_type": 9, "codename": "view_guest"}}, {"model": "auth.permission", "pk": 37, "fields": {"name": "Can add staff", "content_type": 10, "codename": "add_staff"}}, {"model": "auth.permission", "pk": 38, "fields": {"name": "Can change staff", "content_type": 10, "codename": "change_staff"}}, {"model": "auth.permission", "pk": 39, "fields": {"name": "Can delete staff", "content_type": 10, "codename": "delete_staff"}}, {"model": "auth.permission", "pk": 40, "fields": {"name": "Can view staff", "content_type": 10, "codename": "view_staff"}}, {"model": "auth.permission", "pk": 41, "fields": {"name": "Can add reservation", "content_type": 11, "codename": "add_reservation"}}, {"model": "auth.permission", "pk": 42, "fields": {"name": "Can change reservation", "content_type": 11, "codename": "change_reservation"}}, {"model": "auth.permission", "pk": 43, "fields": {"name": "Can delete reservation", "content_type": 11, "codename": "delete_reservation"}}, {"model": "auth.permission", "pk": 44, "fields": {"name": "Can view reservation", "content_type": 11, "codename": "view_reservation"}}, {"model": "auth.permission", "pk": 45, "fields": {"name": "Can add room", "content_type": 12, "codename": "add_room"}}, {"model": "auth.permission", "pk": 46, "fields": {"name": "Can change room", "content_type": 12, "codename": "change_room"}}, {"model": "auth.permission", "pk": 47, "fields": {"name": "Can delete room", "content_type": 12, "codename": "delete_room"}}, {"model": "auth.permission", "pk": 48, "fields": {"name": "Can view room", "content_type": 12, "codename": "view_room"}}, {"model": "auth.permission", "pk": 49, "fields": {"name": "Can add hosting", "content_type": 13, "codename": "add_hosting"}}, {"model": "auth.permission", "pk": 50, "fields": {"name": "Can change hosting", "content_type": 13, "codename": "change_hosting"}}, {"model": "auth.permission", "pk": 51, "fields": {"name": "Can delete hosting", "content_type": 13, "codename": "delete_hosting"}}, {"model": "auth.permission", "pk": 52, "fields": {"name": "Can view hosting", "content_type": 13, "codename": "view_hosting"}}, {"model": "contenttypes.contenttype", "pk": 1, "fields": {"app_label": "admin", "model": "logentry"}}, {"model": "contenttypes.contenttype", "pk": 2, "fields": {"app_label": "auth", "model": "permission"}}, {"model": "contenttypes.contenttype", "pk": 3, "fields": {"app_label": "auth", "model": "group"}}, {"model": "contenttypes.contenttype", "pk": 4, "fields": {"app_label": "auth", "model": "user"}}, {"model": "contenttypes.contenttype", "pk": 5, "fields": {"app_label": "contenttypes", "model": "contenttype"}}, {"model": "contenttypes.contenttype", "pk": 6, "fields": {"app_label": "sessions", "model": "session"}}, {"model": "contenttypes.contenttype", "pk": 7, "fields": {"app_label": "product", "model": "product"}}, {"model": "contenttypes.contenttype", "pk": 8, "fields": {"app_label": "product", "model": "paymenttype"}}, {"model": "contenttypes.contenttype", "pk": 9, "fields": {"app_label": "guests", "model": "guest"}}, {"model": "contenttypes.contenttype", "pk": 10, "fields": {"app_label": "staffs", "model": "staff"}}, {"model": "contenttypes.contenttype", "pk": 11, "fields": {"app_label": "reservations", "model": "reservation"}}, {"model": "contenttypes.contenttype", "pk": 12, "fields": {"app_label": "rooms", "model": "room"}}, {"model": "contenttypes.contenttype", "pk": 13, "fields": {"app_label": "hosting", "model": "hosting"}}, {"model": "sessions.session", "pk": "w6jwwhtni5d2cua9ph9taa6dmi67cjzl", "fields": {"session_data": ".eJxVjEEOwiAQRe_C2pAAAjMu3XsGAsy0VA0kpV0Z726bdGG3_733PyLEdSlh7TyHicRNKHH531LML647oGesY5O51WWektwVedAuH434fT_c00GJvWy1B0U8WOOuHgiJOKJngjxsAKxRZBCM0exc0ipr9ICeHGgLyqJ1IL4_2Z02yQ:1t9udl:mtLqMQzEyBX8YkNUeyxMF24avl0uR72Ihds6D8CGC0Y", "expire_date": "2024-11-23T23:13:13.403Z"}}, {"model": "guests.guest", "pk": 1, "fields": {"name": "John Doe", "email": "john.doe@example.com", "phone": "123-456-7890", "address": "123 Main St", "city": "City A", "state": "State A", "country": "Country A", "zip_code": "12345", "created_at": "2024-11-09T23:53:07.866Z", "updated_at": "2024-11-09T23:53:07.866Z"}}, {"model": "guests.guest", "pk": 2, "fields": {"name": "Jane Smith", "email": "jane.smith@example.com", "phone": "234-567-8901", "address": "456 Elm St", "city": "City B", "state": "State B", "country": "Country B", "zip_code": "23456", "created_at": "2024-11-09T23:53:07.866Z", "updated_at": "2024-11-09T23:53:07.866Z"}}, {"model": "guests.guest", "pk": 3, "fields": {"name": "Alice Brown", "email": "alice.brown@example.com", "phone": "345-678-9012", "address": "789 Maple St", "city": "City C", "state": "State C", "country": "Country C", "zip_code": "34567", "created_at": "2024-11-09T23:53:07.866Z", "updated_at": "2024-11-09T23:53:07.866Z"}}, {"model": "guests.guest", "pk": 4, "fields": {"name": "Bob Johnson", "email": "bob.johnson@example.com", "phone": "456-789-0123", "address": "101 Oak St", "city": "City D", "state": "State D", "country": "Country D", "zip_code": "45678", "created_at": "2024-11-09T23:53:07.866Z", "updated_at": "2024-11-09T23:53:07.866Z"}}, {"model": "guests.guest", "pk": 5, "fields": {"name": "Carol White", "email": "carol.white@example.com", "phone": "567-890-1234", "address": "202 Pine St", "city": "City E", "state": "State E", "country": "Country E", "zip_code": "56789", "created_at": "2024-11-09T23:53:07.866Z", "updated_at": "2024-11-09T23:53:07.866Z"}}, {"model": "guests.guest", "pk": 6, "fields": {"name": "David Black", "email": "david.black@example.com", "phone": "678-901-2345", "address": "303 Cedar St", "city": "City F", "state": "State F", "country": "Country F", "zip_code": "67890", "created_at": "2024-11-09T23:53:07.866Z", "updated_at": "2024-11-09T23:53:07.866Z"}}, {"model": "guests.guest", "pk": 7, "fields": {"name": "Eve Green", "email": "eve.green@example.com", "phone": "789-012-3456", "address": "404 Spruce St", "city": "City G", "state": "State G", "country": "Country G", "zip_code": "78901", "created_at": "2024-11-09T23:53:07.866Z", "updated_at": "2024-11-09T23:53:07.866Z"}}, {"model": "guests.guest", "pk": 8, "fields": {"name": "Frank Blue", "email": "frank.blue@example.com", "phone": "890-123-4567", "address": "505 Birch St", "city": "City H", "state": "State H", "country": "Country H", "zip_code": "89012", "created_at": "2024-11-09T23:53:07.866Z", "updated_at": "2024-11-09T23:53:07.866Z"}}, {"model": "guests.guest", "pk": 9, "fields": {"name": "Grace Yellow", "email": "grace.yellow@example.com", "phone": "901-234-5678", "address": "606 Willow St", "city": "City I", "state": "State I", "country": "Country I", "zip_code": "90123", "created_at": "2024-11-09T23:53:07.866Z", "updated_at": "2024-11-09T23:53:07.866Z"}}, {"model": "guests.guest", "pk": 10, "fields": {"name": "Hank Red", "email": "hank.red@example.com", "phone": "012-345-6789", "address": "707 Aspen St", "city": "City J", "state": "State J", "country": "Country J", "zip_code": "01234", "created_at": "2024-11-09T23:53:07.866Z", "updated_at": "2024-11-09T23:53:07.866Z"}}, {"model": "guests.guest", "pk": 11, "fields": {"name": "Ivy Purple", "email": "ivy.purple@example.com", "phone": "123-456-7891", "address": "808 Magnolia St", "city": "City K", "state": "State K", "country": "Country K", "zip_code": "12341", "created_at": "2024-11-09T23:53:07.866Z", "updated_at": "2024-11-09T23:53:07.866Z"}}, {"model": "guests.guest", "pk": 12, "fields": {"name": "Jack Gold", "email": "jack.gold@example.com", "phone": "234-567-8902", "address": "909 Cypress St", "city": "City L", "state": "State L", "country": "Country L", "zip_code": "23452", "created_at": "2024-11-09T23:53:07.866Z", "updated_at": "2024-11-09T23:53:07.866Z"}}, {"model": "guests.guest", "pk": 13, "fields": {"name": "Karen Silver", "email": "karen.silver@example.com", "phone": "345-678-9013", "address": "1010 Redwood St", "city": "City M", "state": "State M", "country": "Country M", "zip_code": "34563", "created_at": "2024-11-09T23:53:07.866Z", "updated_at": "2024-11-09T23:53:07.866Z"}}, {"model": "guests.guest", "pk": 14, "fields": {"name": "Leo Copper", "email": "leo.copper@example.com", "phone": "456-789-0124", "address": "1111 Fir St", "city": "City N", "state": "State N", "country": "Country N", "zip_code": "45674", "created_at": "2024-11-09T23:53:07.866Z", "updated_at": "2024-11-09T23:53:07.866Z"}}, {"model": "guests.guest", "pk": 15, "fields": {"name": "Mona Bronze", "email": "mona.bronze@example.com", "phone": "567-890-1235", "address": "1212 Chestnut St", "city": "City O", "state": "State O", "country": "Country O", "zip_code": "56785", "created_at": "2024-11-09T23:53:07.866Z", "updated_at": "2024-11-09T23:53:07.866Z"}}, {"model": "guests.guest", "pk": 16, "fields": {"name": "Ned Amber", "email": "ned.amber@example.com", "phone": "678-901-2346", "address": "1313 Beech St", "city": "City P", "state": "State P", "country": "Country P", "zip_code": "67896", "created_at": "2024-11-09T23:53:07.866Z", "updated_at": "2024-11-09T23:53:07.866Z"}}, {"model": "guests.guest", "pk": 17, "fields": {"name": "Olivia Rose", "email": "olivia.rose@example.com", "phone": "789-012-3457", "address": "1414 Poplar St", "city": "City Q", "state": "State Q", "country": "Country Q", "zip_code": "78907", "created_at": "2024-11-09T23:53:07.866Z", "updated_at": "2024-11-09T23:53:07.866Z"}}, {"model": "guests.guest", "pk": 18, "fields": {"name": "Pete Lime", "email": "pete.lime@example.com", "phone": "890-123-4568", "address": "1515 Alder St", "city": "City R", "state": "State R", "country": "Country R", "zip_code": "89018", "created_at": "2024-11-09T23:53:07.866Z", "updated_at": "2024-11-09T23:53:07.866Z"}}, {"model": "guests.guest", "pk": 19, "fields": {"name": "Quinn Jade", "email": "quinn.jade@example.com", "phone": "901-234-5679", "address": "1616 Maple St", "city": "City S", "state": "State S", "country": "Country S", "zip_code": "90129", "created_at": "2024-11-09T23:53:07.866Z", "updated_at": "2024-11-09T23:53:07.866Z"}}, {"model": "guests.guest", "pk": 20, "fields": {"name": "Ray Cyan", "email": "ray.cyan@example.com", "phone": "012-345-6781", "address": "1717 Oak St", "city": "City T", "state": "State T", "country": "Country T", "zip_code": "01230", "created_at": "2024-11-09T23:53:07.866Z", "updated_at": "2024-11-09T23:53:07.866Z"}}, {"model": "guests.guest", "pk": 21, "fields": {"name": "Sara Violet", "email": "sara.violet@example.com", "phone": "123-456-7892", "address": "1818 Elm St", "city": "City U", "state": "State U", "country": "Country U", "zip_code": "12342", "created_at": "2024-11-09T23:53:07.866Z", "updated_at": "2024-11-09T23:53:07.866Z"}}, {"model": "guests.guest", "pk": 22, "fields": {"name": "Tom Indigo", "email": "tom.indigo@example.com", "phone": "234-567-8903", "address": "1919 Pine St", "city": "City V", "state": "State V", "country": "Country V", "zip_code": "23453", "created_at": "2024-11-09T23:53:07.866Z", "updated_at": "2024-11-09T23:53:07.866Z"}}, {"model": "guests.guest", "pk": 23, "fields": {"name": "Una Teal", "email": "una.teal@example.com", "phone": "345-678-9014", "address": "2020 Cedar St", "city": "City W", "state": "State W", "country": "Country W", "zip_code": "34564", "created_at": "2024-11-09T23:53:07.866Z", "updated_at": "2024-11-09T23:53:07.866Z"}}, {"model": "guests.guest", "pk": 24, "fields": {"name": "Vince Olive", "email": "vince.olive@example.com", "phone": "456-789-0125", "address": "2121 Spruce St", "city": "City X", "state": "State X", "country": "Country X", "zip_code": "45675", "created_at": "2024-11-09T23:53:07.866Z", "updated_at": "2024-11-09T23:53:07.866Z"}}, {"model": "guests.guest", "pk": 25, "fields": {"name": "Wade Mint", "email": "wade.mint@example.com", "phone": "567-890-1236", "address": "2222 Birch St", "city": "City Y", "state": "State Y", "country": "Country Y", "zip_code": "56786", "created_at": "2024-11-09T23:53:07.866Z", "updated_at": "2024-11-09T23:53:07.866Z"}}, {"model": "guests.guest", "pk": 26, "fields": {"name": "Xena Coral", "email": "xena.coral@example.com", "phone": "678-901-2347", "address": "2323 Willow St", "city": "City Z", "state": "State Z", "country": "Country Z", "zip_code": "67897", "created_at": "2024-11-09T23:53:07.866Z", "updated_at": "2024-11-09T23:53:07.866Z"}}, {"model": "guests.guest", "pk": 27, "fields": {"name": "Yale Sky", "email": "yale.sky@example.com", "phone": "789-012-3458", "address": "2424 Aspen St", "city": "City AA", "state": "State AA", "country": "Country AA", "zip_code": "78908", "created_at": "2024-11-09T23:53:07.866Z", "updated_at": "2024-11-09T23:53:07.866Z"}}, {"model": "guests.guest", "pk": 28, "fields": {"name": "Zara Plum", "email": "zara.plum@example.com", "phone": "890-123-4569", "address": "2525 Magnolia St", "city": "City BB", "state": "State BB", "country": "Country BB", "zip_code": "89019", "created_at": "2024-11-09T23:53:07.866Z", "updated_at": "2024-11-09T23:53:07.866Z"}}, {"model": "guests.guest", "pk": 29, "fields": {"name": "Aaron Ivory", "email": "aaron.ivory@example.com", "phone": "901-234-5670", "address": "2626 Cypress St", "city": "City CC", "state": "State CC", "country": "Country CC", "zip_code": "90120", "created_at": "2024-11-09T23:53:07.866Z", "updated_at": "2024-11-09T23:53:07.866Z"}}, {"model": "guests.guest", "pk": 30, "fields": {"name": "Beth Sable", "email": "beth.sable@example.com", "phone": "012-345-6782", "address": "2727 Redwood St", "city": "City DD", "state": "State DD", "country": "Country DD", "zip_code": "01231", "created_at": "2024-11-09T23:53:07.866Z", "updated_at": "2024-11-09T23:53:07.866Z"}}, {"model": "staffs.staff", "pk": 1, "fields": {"password": "pbkdf2_sha256$600000$VUTzAedjxeTsA9G5GI1lUf$Kt9UOcch6b81DJaWboSxijxRspGKAMECygO0ObKKukc=", "last_login": "2024-11-09T23:13:13.400Z", "is_superuser": true, "username": "andreluiz27", "first_name": "sa", "last_name": "ssas", "is_staff": true, "is_active": true, "date_joined": "2024-11-09T23:05:00.735Z", "email": "andrelz.ferreira.nogueira@gmail.com", "phone": "22", "address": "dsds", "city": "sds", "state": "ds", "country": "sd", "zip_code": "sd", "updated_at": "2024-11-09T23:13:00.592Z", "groups": [], "user_permissions": []}}, {"model": "staffs.staff", "pk": 2, "fields": {"password": "pbkdf2_sha256$600000$randompasswordhash2$", "last_login": "2024-11-09T23:14:13.400Z", "is_superuser": false, "username": "user2", "first_name": "First2", "last_name": "Last2", "is_staff": true, "is_active": true, "date_joined": "2024-11-09T23:06:00.735Z", "email": "user2@example.com", "phone": "1002", "address": "Address 2", "city": "City B", "state": "State Y", "country": "Country Z", "zip_code": "22222", "updated_at": "2024-11-09T23:14:00.592Z", "groups": [], "user_permissions": []}}, {"model": "staffs.staff", "pk": 3, "fields": {"password": "pbkdf2_sha256$600000$randompasswordhash3$", "last_login": "2024-11-09T23:15:13.400Z", "is_superuser": false, "username": "user3", "first_name": "First3", "last_name": "Last3", "is_staff": true, "is_active": true, "date_joined": "2024-11-09T23:07:00.735Z", "email": "user3@example.com", "phone": "1003", "address": "Address 3", "city": "City C", "state": "State Z", "country": "Country X", "zip_code": "33333", "updated_at": "2024-11-09T23:15:00.592Z", "groups": [], "user_permissions": []}}, {"model": "staffs.staff", "pk": 4, "fields": {"password": "pbkdf2_sha256$600000$randompasswordhash4$", "last_login": "2024-11-09T23:16:13.400Z", "is_superuser": false, "username": "user4", "first_name": "First4", "last_name": "Last4", "is_staff": true, "is_active": true, "date_joined": "2024-11-09T23:08:00.735Z", "email": "user4@example.com", "phone": "1004", "address": "Address 4", "city": "City D", "state": "State W", "country": "Country V", "zip_code": "44444", "updated_at": "2024-11-09T23:16:00.592Z", "groups": [], "user_permissions": []}}, {"model": "staffs.staff", "pk": 5, "fields": {"password": "pbkdf2_sha256$600000$randompasswordhash5$", "last_login": "2024-11-09T23:17:13.400Z", "is_superuser": false, "username": "user5", "first_name": "First5", "last_name": "Last5", "is_staff": true, "is_active": true, "date_joined": "2024-11-09T23:09:00.735Z", "email": "user5@example.com", "phone": "1005", "address": "Address 5", "city": "City E", "state": "State V", "country": "Country U", "zip_code": "55555", "updated_at": "2024-11-09T23:17:00.592Z", "groups": [], "user_permissions": []}}, {"model": "staffs.staff", "pk": 6, "fields": {"password": "pbkdf2_sha256$600000$randompasswordhash6$", "last_login": "2024-11-09T23:18:13.400Z", "is_superuser": false, "username": "user6", "first_name": "First6", "last_name": "Last6", "is_staff": true, "is_active": true, "date_joined": "2024-11-09T23:10:00.735Z", "email": "user6@example.com", "phone": "1006", "address": "Address 6", "city": "City F", "state": "State U", "country": "Country T", "zip_code": "66666", "updated_at": "2024-11-09T23:18:00.592Z", "groups": [], "user_permissions": []}}, {"model": "staffs.staff", "pk": 7, "fields": {"password": "pbkdf2_sha256$600000$randompasswordhash7$", "last_login": "2024-11-09T23:19:13.400Z", "is_superuser": false, "username": "user7", "first_name": "First7", "last_name": "Last7", "is_staff": true, "is_active": true, "date_joined": "2024-11-09T23:11:00.735Z", "email": "user7@example.com", "phone": "1007", "address": "Address 7", "city": "City G", "state": "State T", "country": "Country S", "zip_code": "77777", "updated_at": "2024-11-09T23:19:00.592Z", "groups": [], "user_permissions": []}}, {"model": "staffs.staff", "pk": 8, "fields": {"password": "pbkdf2_sha256$600000$randompasswordhash8$", "last_login": "2024-11-09T23:20:13.400Z", "is_superuser": false, "username": "user8", "first_name": "First8", "last_name": "Last8", "is_staff": true, "is_active": true, "date_joined": "2024-11-09T23:12:00.735Z", "email": "user8@example.com", "phone": "1008", "address": "Address 8", "city": "City H", "state": "State S", "country": "Country R", "zip_code": "88888", "updated_at": "2024-11-09T23:20:00.592Z", "groups": [], "user_permissions": []}}, {"model": "staffs.staff", "pk": 9, "fields": {"password": "pbkdf2_sha256$600000$randompasswordhash9$", "last_login": "2024-11-09T23:21:13.400Z", "is_superuser": false, "username": "user9", "first_name": "First9", "last_name": "Last9", "is_staff": true, "is_active": true, "date_joined": "2024-11-09T23:13:00.735Z", "email": "user9@example.com", "phone": "1009", "address": "Address 9", "city": "City I", "state": "State R", "country": "Country Q", "zip_code": "99999", "updated_at": "2024-11-09T23:21:00.592Z", "groups": [], "user_permissions": []}}, {"model": "staffs.staff", "pk": 10, "fields": {"password": "pbkdf2_sha256$600000$randompasswordhash10$", "last_login": "2024-11-09T23:22:13.400Z", "is_superuser": false, "username": "user10", "first_name": "First10", "last_name": "Last10", "is_staff": true, "is_active": true, "date_joined": "2024-11-09T23:14:00.735Z", "email": "user10@example.com", "phone": "1010", "address": "Address 10", "city": "City J", "state": "State Q", "country": "Country P", "zip_code": "10101", "updated_at": "2024-11-09T23:22:00.592Z", "groups": [], "user_permissions": []}}, {"model": "staffs.staff", "pk": 11, "fields": {"password": "pbkdf2_sha256$600000$randompasswordhash11$", "last_login": "2024-11-09T23:23:13.400Z", "is_superuser": false, "username": "user11", "first_name": "First11", "last_name": "Last11", "is_staff": true, "is_active": true, "date_joined": "2024-11-09T23:15:00.735Z", "email": "user11@example.com", "phone": "1011", "address": "Address 11", "city": "City K", "state": "State P", "country": "Country O", "zip_code": "11111", "updated_at": "2024-11-09T23:23:00.592Z", "groups": [], "user_permissions": []}}, {"model": "staffs.staff", "pk": 12, "fields": {"password": "pbkdf2_sha256$600000$randompasswordhash12$", "last_login": "2024-11-09T23:24:13.400Z", "is_superuser": false, "username": "user12", "first_name": "First12", "last_name": "Last12", "is_staff": true, "is_active": true, "date_joined": "2024-11-09T23:16:00.735Z", "email": "user12@example.com", "phone": "1012", "address": "Address 12", "city": "City L", "state": "State O", "country": "Country N", "zip_code": "12121", "updated_at": "2024-11-09T23:24:00.592Z", "groups": [], "user_permissions": []}}, {"model": "staffs.staff", "pk": 13, "fields": {"password": "pbkdf2_sha256$600000$randompasswordhash13$", "last_login": "2024-11-09T23:25:13.400Z", "is_superuser": false, "username": "user13", "first_name": "First13", "last_name": "Last13", "is_staff": true, "is_active": true, "date_joined": "2024-11-09T23:17:00.735Z", "email": "user13@example.com", "phone": "1013", "address": "Address 13", "city": "City M", "state": "State N", "country": "Country M", "zip_code": "13131", "updated_at": "2024-11-09T23:25:00.592Z", "groups": [], "user_permissions": []}}, {"model": "staffs.staff", "pk": 14, "fields": {"password": "pbkdf2_sha256$600000$randompasswordhash14$", "last_login": "2024-11-09T23:26:13.400Z", "is_superuser": false, "username": "user14", "first_name": "First14", "last_name": "Last14", "is_staff": true, "is_active": true, "date_joined": "2024-11-09T23:18:00.735Z", "email": "user14@example.com", "phone": "1014", "address": "Address 14", "city": "City N", "state": "State M", "country": "Country L", "zip_code": "14141", "updated_at": "2024-11-09T23:26:00.592Z", "groups": [], "user_permissions": []}}, {"model": "staffs.staff", "pk": 15, "fields": {"password": "pbkdf2_sha256$600000$randompasswordhash15$", "last_login": "2024-11-09T23:27:13.400Z", "is_superuser": false, "username": "user15", "first_name": "First15", "last_name": "Last15", "is_staff": true, "is_active": true, "date_joined": "2024-11-09T23:19:00.735Z", "email": "user15@example.com", "phone": "1015", "address": "Address 15", "city": "City O", "state": "State L", "country": "Country K", "zip_code": "15151", "updated_at": "2024-11-09T23:27:00.592Z", "groups": [], "user_permissions": []}}, {"model": "staffs.staff", "pk": 16, "fields": {"password": "pbkdf2_sha256$600000$randompasswordhash16$", "last_login": "2024-11-09T23:28:13.400Z", "is_superuser": false, "username": "user16", "first_name": "First16", "last_name": "Last16", "is_staff": true, "is_active": true, "date_joined": "2024-11-09T23:20:00.735Z", "email": "user16@example.com", "phone": "1016", "address": "Address 16", "city": "City P", "state": "State K", "country": "Country J", "zip_code": "16161", "updated_at": "2024-11-09T23:28:00.592Z", "groups": [], "user_permissions": []}}, {"model": "staffs.staff", "pk": 17, "fields": {"password": "pbkdf2_sha256$600000$randompasswordhash17$", "last_login": "2024-11-09T23:29:13.400Z", "is_superuser": false, "username": "user17", "first_name": "First17", "last_name": "Last17", "is_staff": true, "is_active": true, "date_joined": "2024-11-09T23:21:00.735Z", "email": "user17@example.com", "phone": "1017", "address": "Address 17", "city": "City Q", "state": "State J", "country": "Country I", "zip_code": "17171", "updated_at": "2024-11-09T23:29:00.592Z", "groups": [], "user_permissions": []}}, {"model": "staffs.staff", "pk": 18, "fields": {"password": "pbkdf2_sha256$600000$randompasswordhash18$", "last_login": "2024-11-09T23:30:13.400Z", "is_superuser": false, "username": "user18", "first_name": "First18", "last_name": "Last18", "is_staff": true, "is_active": true, "date_joined": "2024-11-09T23:22:00.735Z", "email": "user18@example.com", "phone": "1018", "address": "Address 18", "city": "City R", "state": "State I", "country": "Country H", "zip_code": "18181", "updated_at": "2024-11-09T23:30:00.592Z", "groups": [], "user_permissions": []}}, {"model": "staffs.staff", "pk": 19, "fields": {"password": "pbkdf2_sha256$600000$randompasswordhash19$", "last_login": "2024-11-09T23:31:13.400Z", "is_superuser": false, "username": "user19", "first_name": "First19", "last_name": "Last19", "is_staff": true, "is_active": true, "date_joined": "2024-11-09T23:23:00.735Z", "email": "user19@example.com", "phone": "1019", "address": "Address 19", "city": "City S", "state": "State H", "country": "Country G", "zip_code": "19191", "updated_at": "2024-11-09T23:31:00.592Z", "groups": [], "user_permissions": []}}, {"model": "staffs.staff", "pk": 20, "fields": {"password": "pbkdf2_sha256$600000$randompasswordhash20$", "last_login": "2024-11-09T23:32:13.400Z", "is_superuser": false, "username": "user20", "first_name": "First20", "last_name": "Last20", "is_staff": true, "is_active": true, "date_joined": "2024-11-09T23:24:00.735Z", "email": "user20@example.com", "phone": "1020", "address": "Address 20", "city": "City T", "state": "State G", "country": "Country F", "zip_code": "20202", "updated_at": "2024-11-09T23:32:00.592Z", "groups": [], "user_permissions": []}}, {"model": "staffs.staff", "pk": 21, "fields": {"password": "pbkdf2_sha256$600000$randompasswordhash21$", "last_login": "2024-11-09T23:33:13.400Z", "is_superuser": false, "username": "user21", "first_name": "First21", "last_name": "Last21", "is_staff": true, "is_active": true, "date_joined": "2024-11-09T23:25:00.735Z", "email": "user21@example.com", "phone": "1021", "address": "Address 21", "city": "City U", "state": "State F", "country": "Country E", "zip_code": "21212", "updated_at": "2024-11-09T23:33:00.592Z", "groups": [], "user_permissions": []}}, {"model": "staffs.staff", "pk": 22, "fields": {"password": "pbkdf2_sha256$600000$randompasswordhash22$", "last_login": "2024-11-09T23:34:13.400Z", "is_superuser": false, "username": "user22", "first_name": "First22", "last_name": "Last22", "is_staff": true, "is_active": true, "date_joined": "2024-11-09T23:26:00.735Z", "email": "user22@example.com", "phone": "1022", "address": "Address 22", "city": "City V", "state": "State E", "country": "Country D", "zip_code": "22222", "updated_at": "2024-11-09T23:34:00.592Z", "groups": [], "user_permissions": []}}, {"model": "staffs.staff", "pk": 23, "fields": {"password": "pbkdf2_sha256$600000$randompasswordhash23$", "last_login": "2024-11-09T23:35:13.400Z", "is_superuser": false, "username": "user23", "first_name": "First23", "last_name": "Last23", "is_staff": true, "is_active": true, "date_joined": "2024-11-09T23:27:00.735Z", "email": "user23@example.com", "phone": "1023", "address": "Address 23", "city": "City W", "state": "State D", "country": "Country C", "zip_code": "23232", "updated_at": "2024-11-09T23:35:00.592Z", "groups": [], "user_permissions": []}}, {"model": "staffs.staff", "pk": 24, "fields": {"password": "pbkdf2_sha256$600000$randompasswordhash24$", "last_login": "2024-11-09T23:36:13.400Z", "is_superuser": false, "username": "user24", "first_name": "First24", "last_name": "Last24", "is_staff": true, "is_active": true, "date_joined": "2024-11-09T23:28:00.735Z", "email": "user24@example.com", "phone": "1024", "address": "Address 24", "city": "City X", "state": "State C", "country": "Country B", "zip_code": "24242", "updated_at": "2024-11-09T23:36:00.592Z", "groups": [], "user_permissions": []}}, {"model": "staffs.staff", "pk": 25, "fields": {"password": "pbkdf2_sha256$600000$randompasswordhash25$", "last_login": "2024-11-09T23:37:13.400Z", "is_superuser": false, "username": "user25", "first_name": "First25", "last_name": "Last25", "is_staff": true, "is_active": true, "date_joined": "2024-11-09T23:29:00.735Z", "email": "user25@example.com", "phone": "1025", "address": "Address 25", "city": "City Y", "state": "State B", "country": "Country A", "zip_code": "25252", "updated_at": "2024-11-09T23:37:00.592Z", "groups": [], "user_permissions": []}}, {"model": "staffs.staff", "pk": 26, "fields": {"password": "pbkdf2_sha256$600000$randompasswordhash26$", "last_login": "2024-11-09T23:38:13.400Z", "is_superuser": false, "username": "user26", "first_name": "First26", "last_name": "Last26", "is_staff": true, "is_active": true, "date_joined": "2024-11-09T23:30:00.735Z", "email": "user26@example.com", "phone": "1026", "address": "Address 26", "city": "City Z", "state": "State A", "country": "Country Z", "zip_code": "26262", "updated_at": "2024-11-09T23:38:00.592Z", "groups": [], "user_permissions": []}}, {"model": "staffs.staff", "pk": 27, "fields": {"password": "pbkdf2_sha256$600000$randompasswordhash27$", "last_login": "2024-11-09T23:39:13.400Z", "is_superuser": false, "username": "user27", "first_name": "First27", "last_name": "Last27", "is_staff": true, "is_active": true, "date_joined": "2024-11-09T23:31:00.735Z", "email": "user27@example.com", "phone": "1027", "address": "Address 27", "city": "City AA", "state": "State Y", "country": "Country X", "zip_code": "27272", "updated_at": "2024-11-09T23:39:00.592Z", "groups": [], "user_permissions": []}}, {"model": "staffs.staff", "pk": 28, "fields": {"password": "pbkdf2_sha256$600000$randompasswordhash28$", "last_login": "2024-11-09T23:40:13.400Z", "is_superuser": false, "username": "user28", "first_name": "First28", "last_name": "Last28", "is_staff": true, "is_active": true, "date_joined": "2024-11-09T23:32:00.735Z", "email": "user28@example.com", "phone": "1028", "address": "Address 28", "city": "City AB", "state": "State W", "country": "Country V", "zip_code": "28282", "updated_at": "2024-11-09T23:40:00.592Z", "groups": [], "user_permissions": []}}, {"model": "staffs.staff", "pk": 29, "fields": {"password": "pbkdf2_sha256$600000$randompasswordhash29$", "last_login": "2024-11-09T23:41:13.400Z", "is_superuser": false, "username": "user29", "first_name": "First29", "last_name": "Last29", "is_staff": true, "is_active": true, "date_joined": "2024-11-09T23:33:00.735Z", "email": "user29@example.com", "phone": "1029", "address": "Address 29", "city": "City AC", "state": "State V", "country": "Country U", "zip_code": "29292", "updated_at": "2024-11-09T23:41:00.592Z", "groups": [], "user_permissions": []}}, {"model": "staffs.staff", "pk": 30, "fields": {"password": "pbkdf2_sha256$600000$randompasswordhash30$", "last_login": "2024-11-09T23:42:13.400Z", "is_superuser": false, "username": "user30", "first_name": "First30", "last_name": "Last30", "is_staff": true, "is_active": true, "date_joined": "2024-11-09T23:34:00.735Z", "email": "user30@example.com", "phone": "1030", "address": "Address 30", "city": "City AD", "state": "State U", "country": "Country T", "zip_code": "30303", "updated_at": "2024-11-09T23:42:00.592Z", "groups": [], "user_permissions": []}}, {"model": "reservations.reservation", "pk": 1, "fields": {"date_start": "2024-11-01T17:00:00Z", "date_end": "2024-11-05T14:00:00Z", "check_in": null, "check_out": null, "reservation_status": "Confirmed", "payment_status": "Paid", "paid_amount": "500.00", "payment_method": "Credit Card", "created_at": "2024-11-01T15:00:00Z", "updated_at": "2024-11-01T15:00:00Z", "guest": 1, "staff": 1, "room": 102}}, {"model": "reservations.reservation", "pk": 2, "fields": {"date_start": "2024-11-03T18:00:00Z", "date_end": "2024-11-06T13:00:00Z", "check_in": null, "check_out": null, "reservation_status": "Checked In", "payment_status": "Pendent", "paid_amount": "300.00", "payment_method": "Cash", "created_at": "2024-11-03T16:00:00Z", "updated_at": "2024-11-03T16:00:00Z", "guest": 2, "staff": 2, "room": 103}}, {"model": "reservations.reservation", "pk": 3, "fields": {"date_start": "2024-11-04T21:00:00Z", "date_end": "2024-11-08T14:00:00Z", "check_in": null, "check_out": null, "reservation_status": "Cancelled", "payment_status": "Paid", "paid_amount": "450.00", "payment_method": "Pix", "created_at": "2024-11-04T19:00:00Z", "updated_at": "2024-11-04T19:00:00Z", "guest": 3, "staff": 3, "room": 104}}, {"model": "reservations.reservation", "pk": 4, "fields": {"date_start": "2024-11-05T15:00:00Z", "date_end": "2024-11-07T12:00:00Z", "check_in": null, "check_out": null, "reservation_status": "Confirmed", "payment_status": "Paid", "paid_amount": "250.00", "payment_method": "Debit Card", "created_at": "2024-11-05T13:00:00Z", "updated_at": "2024-11-05T13:00:00Z", "guest": 4, "staff": 4, "room": 201}}, {"model": "reservations.reservation", "pk": 5, "fields": {"date_start": "2024-11-07T17:00:00Z", "date_end": "2024-11-10T14:00:00Z", "check_in": null, "check_out": null, "reservation_status": "Checked Out", "payment_status": "Paid", "paid_amount": "600.00", "payment_method": "Credit Card", "created_at": "2024-11-07T15:00:00Z", "updated_at": "2024-11-07T15:00:00Z", "guest": 5, "staff": 5, "room": 202}}, {"model": "reservations.reservation", "pk": 6, "fields": {"date_start": "2024-11-08T16:00:00Z", "date_end": "2024-11-12T14:00:00Z", "check_in": null, "check_out": null, "reservation_status": "On Hold", "payment_status": "Pendent", "paid_amount": "350.00", "payment_method": "Cash", "created_at": "2024-11-08T14:00:00Z", "updated_at": "2024-11-08T14:00:00Z", "guest": 6, "staff": 6, "room": 203}}, {"model": "reservations.reservation", "pk": 7, "fields": {"date_start": "2024-11-09T19:00:00Z", "date_end": "2024-11-13T15:00:00Z", "check_in": null, "check_out": null, "reservation_status": "Confirmed", "payment_status": "Paid", "paid_amount": "700.00", "payment_method": "Pix", "created_at": "2024-11-09T17:00:00Z", "updated_at": "2024-11-09T17:00:00Z", "guest": 7, "staff": 7, "room": 204}}, {"model": "reservations.reservation", "pk": 8, "fields": {"date_start": "2024-11-10T18:00:00Z", "date_end": "2024-11-14T13:00:00Z", "check_in": null, "check_out": null, "reservation_status": "Cancelled", "payment_status": "Paid", "paid_amount": "300.00", "payment_method": "Debit Card", "created_at": "2024-11-10T16:00:00Z", "updated_at": "2024-11-10T16:00:00Z", "guest": 8, "staff": 8, "room": 301}}, {"model": "reservations.reservation", "pk": 9, "fields": {"date_start": "2024-11-11T14:00:00Z", "date_end": "2024-11-15T12:00:00Z", "check_in": null, "check_out": null, "reservation_status": "Confirmed", "payment_status": "Pendent", "paid_amount": "450.00", "payment_method": "Credit Card", "created_at": "2024-11-11T12:00:00Z", "updated_at": "2024-11-11T12:00:00Z", "guest": 9, "staff": 9, "room": 302}}, {"model": "reservations.reservation", "pk": 10, "fields": {"date_start": "2024-11-12T17:00:00Z", "date_end": "2024-11-16T14:00:00Z", "check_in": null, "check_out": null, "reservation_status": "Checked In", "payment_status": "Paid", "paid_amount": "550.00", "payment_method": "Cash", "created_at": "2024-11-12T15:00:00Z", "updated_at": "2024-11-12T15:00:00Z", "guest": 10, "staff": 10, "room": 303}}, {"model": "reservations.reservation", "pk": 11, "fields": {"date_start": "2024-11-13T20:00:00Z", "date_end": "2024-11-17T15:00:00Z", "check_in": null, "check_out": null, "reservation_status": "Confirmed", "payment_status": "Paid", "paid_amount": "200.00", "payment_method": "Pix", "created_at": "2024-11-13T18:00:00Z", "updated_at": "2024-11-13T18:00:00Z", "guest": 11, "staff": 11, "room": 304}}, {"model": "reservations.reservation", "pk": 12, "fields": {"date_start": "2024-11-14T19:00:00Z", "date_end": "2024-11-18T13:00:00Z", "check_in": null, "check_out": null, "reservation_status": "Cancelled", "payment_status": "Pendent", "paid_amount": "400.00", "payment_method": "Credit Card", "created_at": "2024-11-14T17:00:00Z", "updated_at": "2024-11-14T17:00:00Z", "guest": 12, "staff": 12, "room": 401}}, {"model": "reservations.reservation", "pk": 13, "fields": {"date_start": "2024-11-15T16:00:00Z", "date_end": "2024-11-19T14:00:00Z", "check_in": null, "check_out": null, "reservation_status": "Checked Out", "payment_status": "Paid", "paid_amount": "800.00", "payment_method": "Debit Card", "created_at": "2024-11-15T14:00:00Z", "updated_at": "2024-11-15T14:00:00Z", "guest": 13, "staff": 13, "room": 402}}, {"model": "reservations.reservation", "pk": 14, "fields": {"date_start": "2024-11-16T14:00:00Z", "date_end": "2024-11-20T12:00:00Z", "check_in": null, "check_out": null, "reservation_status": "On Hold", "payment_status": "Paid", "paid_amount": "500.00", "payment_method": "Cash", "created_at": "2024-11-16T12:00:00Z", "updated_at": "2024-11-16T12:00:00Z", "guest": 14, "staff": 14, "room": 403}}, {"model": "reservations.reservation", "pk": 15, "fields": {"date_start": "2024-11-17T18:00:00Z", "date_end": "2024-11-21T15:00:00Z", "check_in": null, "check_out": null, "reservation_status": "Confirmed", "payment_status": "Pendent", "paid_amount": "600.00", "payment_method": "Pix", "created_at": "2024-11-17T16:00:00Z", "updated_at": "2024-11-17T16:00:00Z", "guest": 15, "staff": 15, "room": 404}}, {"model": "reservations.reservation", "pk": 16, "fields": {"date_start": "2024-11-18T15:00:00Z", "date_end": "2024-11-22T14:00:00Z", "check_in": null, "check_out": null, "reservation_status": "Cancelled", "payment_status": "Paid", "paid_amount": "900.00", "payment_method": "Credit Card", "created_at": "2024-11-18T13:00:00Z", "updated_at": "2024-11-18T13:00:00Z", "guest": 16, "staff": 16, "room": 501}}, {"model": "reservations.reservation", "pk": 17, "fields": {"date_start": "2024-11-19T16:00:00Z", "date_end": "2024-11-23T13:00:00Z", "check_in": null, "check_out": null, "reservation_status": "Checked In", "payment_status": "Pendent", "paid_amount": "550.00", "payment_method": "Debit Card", "created_at": "2024-11-19T14:00:00Z", "updated_at": "2024-11-19T14:00:00Z", "guest": 17, "staff": 17, "room": 502}}, {"model": "reservations.reservation", "pk": 18, "fields": {"date_start": "2024-11-20T17:00:00Z", "date_end": "2024-11-24T15:00:00Z", "check_in": null, "check_out": null, "reservation_status": "Confirmed", "payment_status": "Paid", "paid_amount": "400.00", "payment_method": "Cash", "created_at": "2024-11-20T15:00:00Z", "updated_at": "2024-11-20T15:00:00Z", "guest": 18, "staff": 18, "room": 503}}, {"model": "reservations.reservation", "pk": 19, "fields": {"date_start": "2024-11-21T19:00:00Z", "date_end": "2024-11-25T13:00:00Z", "check_in": null, "check_out": null, "reservation_status": "Checked Out", "payment_status": "Paid", "paid_amount": "750.00", "payment_method": "Pix", "created_at": "2024-11-21T17:00:00Z", "updated_at": "2024-11-21T17:00:00Z", "guest": 19, "staff": 19, "room": 504}}, {"model": "reservations.reservation", "pk": 20, "fields": {"date_start": "2024-11-22T18:00:00Z", "date_end": "2024-11-26T12:00:00Z", "check_in": null, "check_out": null, "reservation_status": "On Hold", "payment_status": "Pendent", "paid_amount": "550.00", "payment_method": "Credit Card", "created_at": "2024-11-22T16:00:00Z", "updated_at": "2024-11-22T16:00:00Z", "guest": 20, "staff": 20, "room": 601}}, {"model": "reservations.reservation", "pk": 21, "fields": {"date_start": "2024-11-23T15:00:00Z", "date_end": "2024-11-27T14:00:00Z", "check_in": null, "check_out": null, "reservation_status": "Confirmed", "payment_status": "Paid", "paid_amount": "200.00", "payment_method": "Cash", "created_at": "2024-11-23T13:00:00Z", "updated_at": "2024-11-23T13:00:00Z", "guest": 21, "staff": 21, "room": 602}}, {"model": "reservations.reservation", "pk": 22, "fields": {"date_start": "2024-11-24T17:00:00Z", "date_end": "2024-11-28T15:00:00Z", "check_in": null, "check_out": null, "reservation_status": "Cancelled", "payment_status": "Paid", "paid_amount": "650.00", "payment_method": "Debit Card", "created_at": "2024-11-24T15:00:00Z", "updated_at": "2024-11-24T15:00:00Z", "guest": 22, "staff": 22, "room": 603}}, {"model": "reservations.reservation", "pk": 23, "fields": {"date_start": "2024-11-25T20:00:00Z", "date_end": "2024-11-29T13:00:00Z", "check_in": null, "check_out": null, "reservation_status": "Checked In", "payment_status": "Paid", "paid_amount": "350.00", "payment_method": "Pix", "created_at": "2024-11-25T18:00:00Z", "updated_at": "2024-11-25T18:00:00Z", "guest": 23, "staff": 23, "room": 604}}, {"model": "reservations.reservation", "pk": 24, "fields": {"date_start": "2024-11-26T16:00:00Z", "date_end": "2024-11-30T12:00:00Z", "check_in": null, "check_out": null, "reservation_status": "Confirmed", "payment_status": "Pendent", "paid_amount": "500.00", "payment_method": "Credit Card", "created_at": "2024-11-26T14:00:00Z", "updated_at": "2024-11-26T14:00:00Z", "guest": 24, "staff": 24, "room": 701}}, {"model": "reservations.reservation", "pk": 25, "fields": {"date_start": "2024-11-27T19:00:00Z", "date_end": "2024-12-01T14:00:00Z", "check_in": null, "check_out": null, "reservation_status": "Checked Out", "payment_status": "Paid", "paid_amount": "750.00", "payment_method": "Cash", "created_at": "2024-11-27T17:00:00Z", "updated_at": "2024-11-27T17:00:00Z", "guest": 25, "staff": 25, "room": 702}}, {"model": "reservations.reservation", "pk": 26, "fields": {"date_start": "2024-11-28T15:00:00Z", "date_end": "2024-12-02T13:00:00Z", "check_in": null, "check_out": null, "reservation_status": "On Hold", "payment_status": "Paid", "paid_amount": "900.00", "payment_method": "Pix", "created_at": "2024-11-28T13:00:00Z", "updated_at": "2024-11-28T13:00:00Z", "guest": 26, "staff": 26, "room": 703}}, {"model": "reservations.reservation", "pk": 27, "fields": {"date_start": "2024-11-29T14:00:00Z", "date_end": "2024-12-03T14:00:00Z", "check_in": null, "check_out": null, "reservation_status": "Confirmed", "payment_status": "Paid", "paid_amount": "600.00", "payment_method": "Debit Card", "created_at": "2024-11-29T12:00:00Z", "updated_at": "2024-11-29T12:00:00Z", "guest": 27, "staff": 27, "room": 704}}, {"model": "reservations.reservation", "pk": 28, "fields": {"date_start": "2024-11-30T18:00:00Z", "date_end": "2024-12-04T13:00:00Z", "check_in": null, "check_out": null, "reservation_status": "Cancelled", "payment_status": "Pendent", "paid_amount": "300.00", "payment_method": "Credit Card", "created_at": "2024-11-30T16:00:00Z", "updated_at": "2024-11-30T16:00:00Z", "guest": 28, "staff": 28, "room": 801}}, {"model": "reservations.reservation", "pk": 29, "fields": {"date_start": "2024-12-01T17:00:00Z", "date_end": "2024-12-05T15:00:00Z", "check_in": null, "check_out": null, "reservation_status": "Checked In", "payment_status": "Paid", "paid_amount": "800.00", "payment_method": "Cash", "created_at": "2024-12-01T15:00:00Z", "updated_at": "2024-12-01T15:00:00Z", "guest": 29, "staff": 29, "room": 802}}, {"model": "reservations.reservation", "pk": 30, "fields": {"date_start": "2024-12-02T16:00:00Z", "date_end": "2024-12-06T14:00:00Z", "check_in": null, "check_out": null, "reservation_status": "Confirmed", "payment_status": "Paid", "paid_amount": "450.00", "payment_method": "Pix", "created_at": "2024-12-02T14:00:00Z", "updated_at": "2024-12-02T14:00:00Z", "guest": 30, "staff": 30, "room": 101}}, {"model": "reservations.reservation", "pk": 31, "fields": {"date_start": "2024-11-09T21:58:00Z", "date_end": "2024-11-16T21:58:00Z", "check_in": null, "check_out": null, "reservation_status": "Confirmed", "payment_status": "Paid", "paid_amount": "0.00", "payment_method": "Cash", "created_at": "2024-11-10T00:59:47.715Z", "updated_at": "2024-11-10T00:59:47.715Z", "guest": 1, "staff": 3, "room": 103}}, {"model": "rooms.room", "pk": 101, "fields": {"room_number": 101, "room_status": "Out of Service", "floor": 1, "room_type": "Single", "created_at": "2024-11-09T17:50:42.097Z", "updated_at": "2024-11-09T18:39:39.215Z"}}, {"model": "rooms.room", "pk": 102, "fields": {"room_number": 102, "room_status": "Available", "floor": 1, "room_type": "Double", "created_at": "2024-11-09T17:50:42.097Z", "updated_at": "2024-11-09T17:50:42.097Z"}}, {"model": "rooms.room", "pk": 103, "fields": {"room_number": 103, "room_status": "Available", "floor": 1, "room_type": "Luxury Single", "created_at": "2024-11-09T17:50:42.097Z", "updated_at": "2024-11-09T17:50:42.097Z"}}, {"model": "rooms.room", "pk": 104, "fields": {"room_number": 104, "room_status": "Available", "floor": 1, "room_type": "Luxury Double", "created_at": "2024-11-09T17:50:42.097Z", "updated_at": "2024-11-09T17:50:42.097Z"}}, {"model": "rooms.room", "pk": 201, "fields": {"room_number": 201, "room_status": "Available", "floor": 2, "room_type": "Single", "created_at": "2024-11-09T17:50:42.097Z", "updated_at": "2024-11-09T17:50:42.097Z"}}, {"model": "rooms.room", "pk": 202, "fields": {"room_number": 202, "room_status": "Available", "floor": 2, "room_type": "Double", "created_at": "2024-11-09T17:50:42.097Z", "updated_at": "2024-11-09T17:50:42.097Z"}}, {"model": "rooms.room", "pk": 203, "fields": {"room_number": 203, "room_status": "Available", "floor": 2, "room_type": "Luxury Single", "created_at": "2024-11-09T17:50:42.097Z", "updated_at": "2024-11-09T17:50:42.097Z"}}, {"model": "rooms.room", "pk": 204, "fields": {"room_number": 204, "room_status": "Available", "floor": 2, "room_type": "Luxury Double", "created_at": "2024-11-09T17:50:42.097Z", "updated_at": "2024-11-09T17:50:42.097Z"}}, {"model": "rooms.room", "pk": 301, "fields": {"room_number": 301, "room_status": "Available", "floor": 3, "room_type": "Single", "created_at": "2024-11-09T17:50:42.097Z", "updated_at": "2024-11-09T17:50:42.097Z"}}, {"model": "rooms.room", "pk": 302, "fields": {"room_number": 302, "room_status": "Available", "floor": 3, "room_type": "Double", "created_at": "2024-11-09T17:50:42.097Z", "updated_at": "2024-11-09T17:50:42.097Z"}}, {"model": "rooms.room", "pk": 303, "fields": {"room_number": 303, "room_status": "Available", "floor": 3, "room_type": "Luxury Single", "created_at": "2024-11-09T17:50:42.097Z", "updated_at": "2024-11-09T17:50:42.097Z"}}, {"model": "rooms.room", "pk": 304, "fields": {"room_number": 304, "room_status": "Available", "floor": 3, "room_type": "Luxury Double", "created_at": "2024-11-09T17:50:42.097Z", "updated_at": "2024-11-09T17:50:42.097Z"}}, {"model": "rooms.room", "pk": 401, "fields": {"room_number": 401, "room_status": "Available", "floor": 4, "room_type": "Single", "created_at": "2024-11-09T17:50:42.097Z", "updated_at": "2024-11-09T17:50:42.097Z"}}, {"model": "rooms.room", "pk": 402, "fields": {"room_number": 402, "room_status": "Available", "floor": 4, "room_type": "Double", "created_at": "2024-11-09T17:50:42.097Z", "updated_at": "2024-11-09T17:50:42.097Z"}}, {"model": "rooms.room", "pk": 403, "fields": {"room_number": 403, "room_status": "Available", "floor": 4, "room_type": "Luxury Single", "created_at": "2024-11-09T17:50:42.097Z", "updated_at": "2024-11-09T17:50:42.097Z"}}, {"model": "rooms.room", "pk": 404, "fields": {"room_number": 404, "room_status": "Available", "floor": 4, "room_type": "Luxury Double", "created_at": "2024-11-09T17:50:42.097Z", "updated_at": "2024-11-09T17:50:42.097Z"}}, {"model": "rooms.room", "pk": 501, "fields": {"room_number": 501, "room_status": "Available", "floor": 5, "room_type": "Single", "created_at": "2024-11-09T17:50:42.097Z", "updated_at": "2024-11-09T17:50:42.097Z"}}, {"model": "rooms.room", "pk": 502, "fields": {"room_number": 502, "room_status": "Available", "floor": 5, "room_type": "Double", "created_at": "2024-11-09T17:50:42.097Z", "updated_at": "2024-11-09T17:50:42.097Z"}}, {"model": "rooms.room", "pk": 503, "fields": {"room_number": 503, "room_status": "Available", "floor": 5, "room_type": "Luxury Single", "created_at": "2024-11-09T17:50:42.097Z", "updated_at": "2024-11-09T17:50:42.097Z"}}, {"model": "rooms.room", "pk": 504, "fields": {"room_number": 504, "room_status": "Available", "floor": 5, "room_type": "Luxury Double", "created_at": "2024-11-09T17:50:42.097Z", "updated_at": "2024-11-09T17:50:42.097Z"}}, {"model": "rooms.room", "pk": 601, "fields": {"room_number": 601, "room_status": "Available", "floor": 6, "room_type": "Single", "created_at": "2024-11-09T17:50:42.097Z", "updated_at": "2024-11-09T17:50:42.097Z"}}, {"model": "rooms.room", "pk": 602, "fields": {"room_number": 602, "room_status": "Available", "floor": 6, "room_type": "Double", "created_at": "2024-11-09T17:50:42.097Z", "updated_at": "2024-11-09T17:50:42.097Z"}}, {"model": "rooms.room", "pk": 603, "fields": {"room_number": 603, "room_status": "Available", "floor": 6, "room_type": "Luxury Single", "created_at": "2024-11-09T17:50:42.097Z", "updated_at": "2024-11-09T17:50:42.097Z"}}, {"model": "rooms.room", "pk": 604, "fields": {"room_number": 604, "room_status": "Available", "floor": 6, "room_type": "Luxury Double", "created_at": "2024-11-09T17:50:42.097Z", "updated_at": "2024-11-09T17:50:42.097Z"}}, {"model": "rooms.room", "pk": 701, "fields": {"room_number": 701, "room_status": "Available", "floor": 7, "room_type": "Single", "created_at": "2024-11-09T17:50:42.097Z", "updated_at": "2024-11-09T17:50:42.097Z"}}, {"model": "rooms.room", "pk": 702, "fields": {"room_number": 702, "room_status": "Available", "floor": 7, "room_type": "Double", "created_at": "2024-11-09T17:50:42.097Z", "updated_at": "2024-11-09T17:50:42.097Z"}}, {"model": "rooms.room", "pk": 703, "fields": {"room_number": 703, "room_status": "Available", "floor": 7, "room_type": "Luxury Single", "created_at": "2024-11-09T17:50:42.097Z", "updated_at": "2024-11-09T17:50:42.097Z"}}, {"model": "rooms.room", "pk": 704, "fields": {"room_number": 704, "room_status": "Available", "floor": 7, "room_type": "Luxury Double", "created_at": "2024-11-09T17:50:42.097Z", "updated_at": "2024-11-09T17:50:42.097Z"}}, {"model": "rooms.room", "pk": 801, "fields": {"room_number": 801, "room_status": "Available", "floor": 8, "room_type": "Single", "created_at": "2024-11-09T17:50:42.097Z", "updated_at": "2024-11-09T17:50:42.097Z"}}, {"model": "rooms.room", "pk": 802, "fields": {"room_number": 802, "room_status": "Occupied", "floor": 8, "room_type": "Double", "created_at": "2024-11-09T17:50:42.097Z", "updated_at": "2024-11-09T18:28:49.313Z"}}]